<?xml version="1.0" encoding="UTF-8"?>
<project-private xmlns="http://www.netbeans.org/ns/project-private/1">
    <editor-bookmarks xmlns="http://www.netbeans.org/ns/editor-bookmarks/2" lastBookmarkId="0"/>
    <open-files xmlns="http://www.netbeans.org/ns/projectui-open-files/2">
        <group>
            <file>file:/C:/Microcontroller%20Assignment/Pritam_Car_Black_Box_24003B_046.X/set_time.c</file>
            <file>file:/C:/Microcontroller%20Assignment/Pritam_Car_Black_Box_24003B_046.X/password.c</file>
            <file>file:/C:/Microcontroller%20Assignment/Pritam_Car_Black_Box_24003B_046.X/download_log.c</file>
            <file>file:/C:/Microcontroller%20Assignment/Pritam_Car_Black_Box_24003B_046.X/clear_log.c</file>
            <file>file:/C:/Microcontroller%20Assignment/Pritam_Car_Black_Box_24003B_046.X/main.c</file>
            <file>file:/C:/Microcontroller%20Assignment/Pritam_Car_Black_Box_24003B_046.X/store_event.c</file>
            <file>file:/C:/Microcontroller%20Assignment/Pritam_Car_Black_Box_24003B_046.X/change_password.c</file>
            <file>file:/C:/Microcontroller%20Assignment/Pritam_Car_Black_Box_24003B_046.X/view_log.c</file>
            <file>file:/C:/Microcontroller%20Assignment/Pritam_Car_Black_Box_24003B_046.X/menu.c</file>
            <file>file:/C:/Microcontroller%20Assignment/Pritam_Car_Black_Box_24003B_046.X/dashboard.c</file>
        </group>
    </open-files>
</project-private>
